seed,phase_epoch,full_accuracy,dominant_accuracy,weak_accuracy,full_loss,weak_loss,dominant_ratio,weak_ratio,parity_gap,checkpoint_path,checkpoint_retained
83,0,0.8788,0.8304,0.2596,0.8434076164825515,5.052744558971103,0.9662555271119385,0.3051963320009405,-0.6610591951109981,"/net/storage/pr3/plgrid/plggdnnp/reports/phase3, phase 3 intervention, trained with phase1=40, phase2=200, mm_cifar10, mm_resnet, sgd, epochs=200_overlap=0.0_lr=0.6_wd=0.0_lambda=1.0/2026-08-01_17-00-47-175297/checkpoints/model_step_phase3_pre_intervention.pth",True
83,1,0.8658,0.8304,0.5052,0.9140105608237201,1.4080390739821915,0.9662555271119385,0.5939336938631554,-0.3723218332487831,"/net/storage/pr3/plgrid/plggdnnp/reports/phase3, phase 3 intervention, trained with phase1=40, phase2=200, mm_cifar10, mm_resnet, sgd, epochs=200_overlap=0.0_lr=0.6_wd=0.0_lambda=1.0/2026-08-01_17-00-47-175297/checkpoints/model_step_phase3_candidate_epoch_1.pth",True
83,2,0.8632,0.8304,0.5412,0.9064050906337101,1.3276923655059834,0.9662555271119385,0.6362567599341641,-0.32999876717777443,"/net/storage/pr3/plgrid/plggdnnp/reports/phase3, phase 3 intervention, trained with phase1=40, phase2=200, mm_cifar10, mm_resnet, sgd, epochs=200_overlap=0.0_lr=0.6_wd=0.0_lambda=1.0/2026-08-01_17-00-47-175297/checkpoints/model_step_phase3_candidate_epoch_2.pth",True
83,3,0.8618,0.8304,0.5628,0.9119249904363614,1.2289947647378565,0.9662555271119385,0.6616505995767693,-0.3046049275351692,"/net/storage/pr3/plgrid/plggdnnp/reports/phase3, phase 3 intervention, trained with phase1=40, phase2=200, mm_cifar10, mm_resnet, sgd, epochs=200_overlap=0.0_lr=0.6_wd=0.0_lambda=1.0/2026-08-01_17-00-47-175297/checkpoints/model_step_phase3_candidate_epoch_3.pth",True
83,4,0.858,0.8304,0.5776,0.9104158325431304,1.2229261357195955,0.9662555271119385,0.6790500822948506,-0.2872054448170879,"/net/storage/pr3/plgrid/plggdnnp/reports/phase3, phase 3 intervention, trained with phase1=40, phase2=200, mm_cifar10, mm_resnet, sgd, epochs=200_overlap=0.0_lr=0.6_wd=0.0_lambda=1.0/2026-08-01_17-00-47-175297/checkpoints/model_step_phase3_candidate_epoch_4.pth",True
83,8,0.8532,0.8304,0.649,0.9654726752982439,1.0525270733888135,0.9662555271119385,0.7629908300023512,-0.20326469710958728,"/net/storage/pr3/plgrid/plggdnnp/reports/phase3, phase 3 intervention, trained with phase1=40, phase2=200, mm_cifar10, mm_resnet, sgd, epochs=200_overlap=0.0_lr=0.6_wd=0.0_lambda=1.0/2026-08-01_17-00-47-175297/checkpoints/model_step_phase3_candidate_epoch_8.pth",True
83,12,0.8482,0.8304,0.6926,0.9540560284928274,0.8797684737775863,0.9662555271119385,0.8142487655772396,-0.15200676153469894,"/net/storage/pr3/plgrid/plggdnnp/reports/phase3, phase 3 intervention, trained with phase1=40, phase2=200, mm_cifar10, mm_resnet, sgd, epochs=200_overlap=0.0_lr=0.6_wd=0.0_lambda=1.0/2026-08-01_17-00-47-175297/checkpoints/model_step_phase3_candidate_epoch_12.pth",True
83,16,0.8484,0.8304,0.7178,0.979386996239942,0.8366360758171071,0.9662555271119385,0.8438749118269456,-0.12238061528499289,"/net/storage/pr3/plgrid/plggdnnp/reports/phase3, phase 3 intervention, trained with phase1=40, phase2=200, mm_cifar10, mm_resnet, sgd, epochs=200_overlap=0.0_lr=0.6_wd=0.0_lambda=1.0/2026-08-01_17-00-47-175297/checkpoints/model_step_phase3_candidate_epoch_16.pth",True
83,20,0.8528,0.8304,0.7492,0.9493569665646387,0.7665518118223017,0.9662555271119385,0.8807900305666588,-0.08546549654527968,"/net/storage/pr3/plgrid/plggdnnp/reports/phase3, phase 3 intervention, trained with phase1=40, phase2=200, mm_cifar10, mm_resnet, sgd, epochs=200_overlap=0.0_lr=0.6_wd=0.0_lambda=1.0/2026-08-01_17-00-47-175297/checkpoints/model_step_phase3_candidate_epoch_20.pth",True
83,24,0.8506,0.8304,0.7432,0.9706343129310447,0.7821394122269023,0.9662555271119385,0.8737361862214906,-0.09251934089044789,"/net/storage/pr3/plgrid/plggdnnp/reports/phase3, phase 3 intervention, trained with phase1=40, phase2=200, mm_cifar10, mm_resnet, sgd, epochs=200_overlap=0.0_lr=0.6_wd=0.0_lambda=1.0/2026-08-01_17-00-47-175297/checkpoints/model_step_phase3_candidate_epoch_24.pth",True
83,28,0.8492,0.8304,0.757,0.9582541988860077,0.7203171610915085,0.9662555271119385,0.8899600282153773,-0.07629549889656118,"/net/storage/pr3/plgrid/plggdnnp/reports/phase3, phase 3 intervention, trained with phase1=40, phase2=200, mm_cifar10, mm_resnet, sgd, epochs=200_overlap=0.0_lr=0.6_wd=0.0_lambda=1.0/2026-08-01_17-00-47-175297/checkpoints/model_step_phase3_candidate_epoch_28.pth",True
83,32,0.851,0.8304,0.7638,0.9618695318480633,0.7636927505790471,0.9662555271119385,0.8979543851399012,-0.0683011419720373,"/net/storage/pr3/plgrid/plggdnnp/reports/phase3, phase 3 intervention, trained with phase1=40, phase2=200, mm_cifar10, mm_resnet, sgd, epochs=200_overlap=0.0_lr=0.6_wd=0.0_lambda=1.0/2026-08-01_17-00-47-175297/checkpoints/model_step_phase3_candidate_epoch_32.pth",True
83,36,0.8506,0.8304,0.7826,0.9573240063135771,0.6850320946158496,0.9662555271119385,0.9200564307547613,-0.04619909635717723,"/net/storage/pr3/plgrid/plggdnnp/reports/phase3, phase 3 intervention, trained with phase1=40, phase2=200, mm_cifar10, mm_resnet, sgd, epochs=200_overlap=0.0_lr=0.6_wd=0.0_lambda=1.0/2026-08-01_17-00-47-175297/checkpoints/model_step_phase3_candidate_epoch_36.pth",True
83,40,0.8514,0.8304,0.7792,0.9558264279893134,0.7452245809820617,0.9662555271119385,0.9160592522924994,-0.05019627481943911,"/net/storage/pr3/plgrid/plggdnnp/reports/phase3, phase 3 intervention, trained with phase1=40, phase2=200, mm_cifar10, mm_resnet, sgd, epochs=200_overlap=0.0_lr=0.6_wd=0.0_lambda=1.0/2026-08-01_17-00-47-175297/checkpoints/model_step_phase3_candidate_epoch_40.pth",True
83,44,0.8464,0.8304,0.7934,0.9914399124661954,0.6841527252635369,0.9662555271119385,0.9327533505760639,-0.03350217653587462,"/net/storage/pr3/plgrid/plggdnnp/reports/phase3, phase 3 intervention, trained with phase1=40, phase2=200, mm_cifar10, mm_resnet, sgd, epochs=200_overlap=0.0_lr=0.6_wd=0.0_lambda=1.0/2026-08-01_17-00-47-175297/checkpoints/model_step_phase3_candidate_epoch_44.pth",True
83,48,0.8514,0.8304,0.7904,0.9711816845170622,0.7257272401813518,0.9662555271119385,0.9292264284034799,-0.03702909870845861,"/net/storage/pr3/plgrid/plggdnnp/reports/phase3, phase 3 intervention, trained with phase1=40, phase2=200, mm_cifar10, mm_resnet, sgd, epochs=200_overlap=0.0_lr=0.6_wd=0.0_lambda=1.0/2026-08-01_17-00-47-175297/checkpoints/model_step_phase3_candidate_epoch_48.pth",True
83,52,0.853,0.8304,0.787,0.9613694563243311,0.7298294610073347,0.9662555271119385,0.925229249941218,-0.04102627717072049,"/net/storage/pr3/plgrid/plggdnnp/reports/phase3, phase 3 intervention, trained with phase1=40, phase2=200, mm_cifar10, mm_resnet, sgd, epochs=200_overlap=0.0_lr=0.6_wd=0.0_lambda=1.0/2026-08-01_17-00-47-175297/checkpoints/model_step_phase3_candidate_epoch_52.pth",True
83,56,0.8428,0.8304,0.795,1.0439567483161285,0.732619880529159,0.9662555271119385,0.9346343757347755,-0.03162115137716304,"/net/storage/pr3/plgrid/plggdnnp/reports/phase3, phase 3 intervention, trained with phase1=40, phase2=200, mm_cifar10, mm_resnet, sgd, epochs=200_overlap=0.0_lr=0.6_wd=0.0_lambda=1.0/2026-08-01_17-00-47-175297/checkpoints/model_step_phase3_candidate_epoch_56.pth",True
83,60,0.8502,0.8304,0.8022,0.9812883598001158,0.706518266026663,0.9662555271119385,0.9430989889489771,-0.02315653816296137,"/net/storage/pr3/plgrid/plggdnnp/reports/phase3, phase 3 intervention, trained with phase1=40, phase2=200, mm_cifar10, mm_resnet, sgd, epochs=200_overlap=0.0_lr=0.6_wd=0.0_lambda=1.0/2026-08-01_17-00-47-175297/checkpoints/model_step_phase3_candidate_epoch_60.pth",True
83,64,0.8556,0.8304,0.7912,0.9280132908741345,0.7837668828340437,0.9662555271119385,0.9301669409828356,-0.03608858612910293,"/net/storage/pr3/plgrid/plggdnnp/reports/phase3, phase 3 intervention, trained with phase1=40, phase2=200, mm_cifar10, mm_resnet, sgd, epochs=200_overlap=0.0_lr=0.6_wd=0.0_lambda=1.0/2026-08-01_17-00-47-175297/checkpoints/model_step_phase3_candidate_epoch_64.pth",True
83,68,0.8486,0.8304,0.7914,0.9526785291153119,0.7668642908822092,0.9662555271119385,0.9304020691276745,-0.03585345798426398,"/net/storage/pr3/plgrid/plggdnnp/reports/phase3, phase 3 intervention, trained with phase1=40, phase2=200, mm_cifar10, mm_resnet, sgd, epochs=200_overlap=0.0_lr=0.6_wd=0.0_lambda=1.0/2026-08-01_17-00-47-175297/checkpoints/model_step_phase3_candidate_epoch_68.pth",True
83,72,0.8426,0.8304,0.7964,1.029913407806186,0.7252589401213452,0.9662555271119385,0.936280272748648,-0.029975254363290516,"/net/storage/pr3/plgrid/plggdnnp/reports/phase3, phase 3 intervention, trained with phase1=40, phase2=200, mm_cifar10, mm_resnet, sgd, epochs=200_overlap=0.0_lr=0.6_wd=0.0_lambda=1.0/2026-08-01_17-00-47-175297/checkpoints/model_step_phase3_candidate_epoch_72.pth",True
83,76,0.8538,0.8304,0.7984,0.9551335444545979,0.7649077571784788,0.9662555271119385,0.9386315541970374,-0.02762397291490115,"/net/storage/pr3/plgrid/plggdnnp/reports/phase3, phase 3 intervention, trained with phase1=40, phase2=200, mm_cifar10, mm_resnet, sgd, epochs=200_overlap=0.0_lr=0.6_wd=0.0_lambda=1.0/2026-08-01_17-00-47-175297/checkpoints/model_step_phase3_candidate_epoch_76.pth",True
83,80,0.8502,0.8304,0.7996,1.002235292102531,0.7761942075916735,0.9662555271119385,0.9400423230660709,-0.026213204045867577,"/net/storage/pr3/plgrid/plggdnnp/reports/phase3, phase 3 intervention, trained with phase1=40, phase2=200, mm_cifar10, mm_resnet, sgd, epochs=200_overlap=0.0_lr=0.6_wd=0.0_lambda=1.0/2026-08-01_17-00-47-175297/checkpoints/model_step_phase3_candidate_epoch_80.pth",True
83,84,0.8498,0.8304,0.8018,1.0020741915377198,0.7530327795469632,0.9662555271119385,0.9426287326592993,-0.023626794452639266,"/net/storage/pr3/plgrid/plggdnnp/reports/phase3, phase 3 intervention, trained with phase1=40, phase2=200, mm_cifar10, mm_resnet, sgd, epochs=200_overlap=0.0_lr=0.6_wd=0.0_lambda=1.0/2026-08-01_17-00-47-175297/checkpoints/model_step_phase3_candidate_epoch_84.pth",True
83,88,0.842,0.8304,0.8036,1.0500825982817779,0.7477593285214095,0.9662555271119385,0.9447448859628497,-0.02151064114908885,"/net/storage/pr3/plgrid/plggdnnp/reports/phase3, phase 3 intervention, trained with phase1=40, phase2=200, mm_cifar10, mm_resnet, sgd, epochs=200_overlap=0.0_lr=0.6_wd=0.0_lambda=1.0/2026-08-01_17-00-47-175297/checkpoints/model_step_phase3_candidate_epoch_88.pth",True
83,92,0.8452,0.8304,0.8048,1.014274305620361,0.7829908227882914,0.9662555271119385,0.9461556548318834,-0.020099872280055164,"/net/storage/pr3/plgrid/plggdnnp/reports/phase3, phase 3 intervention, trained with phase1=40, phase2=200, mm_cifar10, mm_resnet, sgd, epochs=200_overlap=0.0_lr=0.6_wd=0.0_lambda=1.0/2026-08-01_17-00-47-175297/checkpoints/model_step_phase3_candidate_epoch_92.pth",True
83,96,0.8466,0.8304,0.8108,1.0183289462352998,0.767933690571401,0.9662555271119385,0.9532094991770514,-0.013046027934887072,"/net/storage/pr3/plgrid/plggdnnp/reports/phase3, phase 3 intervention, trained with phase1=40, phase2=200, mm_cifar10, mm_resnet, sgd, epochs=200_overlap=0.0_lr=0.6_wd=0.0_lambda=1.0/2026-08-01_17-00-47-175297/checkpoints/model_step_phase3_candidate_epoch_96.pth",True
83,100,0.8606,0.8304,0.8066,0.9296792250963201,0.8016057569662978,0.9662555271119385,0.9482718081354338,-0.017983718976504748,"/net/storage/pr3/plgrid/plggdnnp/reports/phase3, phase 3 intervention, trained with phase1=40, phase2=200, mm_cifar10, mm_resnet, sgd, epochs=200_overlap=0.0_lr=0.6_wd=0.0_lambda=1.0/2026-08-01_17-00-47-175297/checkpoints/model_step_phase3_candidate_epoch_100.pth",True
83,104,0.8532,0.8304,0.8048,0.9652493233543857,0.8151987510966511,0.9662555271119385,0.9461556548318834,-0.020099872280055164,"/net/storage/pr3/plgrid/plggdnnp/reports/phase3, phase 3 intervention, trained with phase1=40, phase2=200, mm_cifar10, mm_resnet, sgd, epochs=200_overlap=0.0_lr=0.6_wd=0.0_lambda=1.0/2026-08-01_17-00-47-175297/checkpoints/model_step_phase3_candidate_epoch_104.pth",True
83,108,0.8532,0.8304,0.7974,0.9306529803268432,0.8860173528324035,0.9662555271119385,0.9374559134728426,-0.02879961363909589,"/net/storage/pr3/plgrid/plggdnnp/reports/phase3, phase 3 intervention, trained with phase1=40, phase2=200, mm_cifar10, mm_resnet, sgd, epochs=200_overlap=0.0_lr=0.6_wd=0.0_lambda=1.0/2026-08-01_17-00-47-175297/checkpoints/model_step_phase3_candidate_epoch_108.pth",True
83,112,0.8492,0.8304,0.8118,1.0032421057304564,0.8102558903314683,0.9662555271119385,0.9543851399012461,-0.011870387210692446,"/net/storage/pr3/plgrid/plggdnnp/reports/phase3, phase 3 intervention, trained with phase1=40, phase2=200, mm_cifar10, mm_resnet, sgd, epochs=200_overlap=0.0_lr=0.6_wd=0.0_lambda=1.0/2026-08-01_17-00-47-175297/checkpoints/model_step_phase3_candidate_epoch_112.pth",True
83,116,0.8542,0.8304,0.8118,1.017186488836043,0.8240026963551937,0.9662555271119385,0.9543851399012461,-0.011870387210692446,"/net/storage/pr3/plgrid/plggdnnp/reports/phase3, phase 3 intervention, trained with phase1=40, phase2=200, mm_cifar10, mm_resnet, sgd, epochs=200_overlap=0.0_lr=0.6_wd=0.0_lambda=1.0/2026-08-01_17-00-47-175297/checkpoints/model_step_phase3_candidate_epoch_116.pth",True
83,120,0.8536,0.8304,0.804,0.9962211278043288,0.8666915397942675,0.9662555271119385,0.9452151422525277,-0.021040384859410843,"/net/storage/pr3/plgrid/plggdnnp/reports/phase3, phase 3 intervention, trained with phase1=40, phase2=200, mm_cifar10, mm_resnet, sgd, epochs=200_overlap=0.0_lr=0.6_wd=0.0_lambda=1.0/2026-08-01_17-00-47-175297/checkpoints/model_step_phase3_candidate_epoch_120.pth",True
83,124,0.8534,0.8304,0.8108,0.9961139387959631,0.8604716244545966,0.9662555271119385,0.9532094991770514,-0.013046027934887072,"/net/storage/pr3/plgrid/plggdnnp/reports/phase3, phase 3 intervention, trained with phase1=40, phase2=200, mm_cifar10, mm_resnet, sgd, epochs=200_overlap=0.0_lr=0.6_wd=0.0_lambda=1.0/2026-08-01_17-00-47-175297/checkpoints/model_step_phase3_candidate_epoch_124.pth",True
83,128,0.8566,0.8304,0.8146,0.9910046454711742,0.8095757270626367,0.9662555271119385,0.9576769339289912,-0.008578593182947292,"/net/storage/pr3/plgrid/plggdnnp/reports/phase3, phase 3 intervention, trained with phase1=40, phase2=200, mm_cifar10, mm_resnet, sgd, epochs=200_overlap=0.0_lr=0.6_wd=0.0_lambda=1.0/2026-08-01_17-00-47-175297/checkpoints/model_step_phase3_candidate_epoch_128.pth",True
83,132,0.8552,0.8304,0.809,0.9715605637876935,0.8789991178840472,0.9662555271119385,0.9510933458735011,-0.015162181238437378,"/net/storage/pr3/plgrid/plggdnnp/reports/phase3, phase 3 intervention, trained with phase1=40, phase2=200, mm_cifar10, mm_resnet, sgd, epochs=200_overlap=0.0_lr=0.6_wd=0.0_lambda=1.0/2026-08-01_17-00-47-175297/checkpoints/model_step_phase3_candidate_epoch_132.pth",True
83,136,0.8506,0.8304,0.8164,1.0523405849381948,0.8355437425510083,0.9662555271119385,0.9597930872325418,-0.006462439879396764,"/net/storage/pr3/plgrid/plggdnnp/reports/phase3, phase 3 intervention, trained with phase1=40, phase2=200, mm_cifar10, mm_resnet, sgd, epochs=200_overlap=0.0_lr=0.6_wd=0.0_lambda=1.0/2026-08-01_17-00-47-175297/checkpoints/model_step_phase3_candidate_epoch_136.pth",True
83,140,0.854,0.8304,0.8146,1.003997285143474,0.8655164577195501,0.9662555271119385,0.9576769339289912,-0.008578593182947292,"/net/storage/pr3/plgrid/plggdnnp/reports/phase3, phase 3 intervention, trained with phase1=40, phase2=200, mm_cifar10, mm_resnet, sgd, epochs=200_overlap=0.0_lr=0.6_wd=0.0_lambda=1.0/2026-08-01_17-00-47-175297/checkpoints/model_step_phase3_candidate_epoch_140.pth",True
83,144,0.8552,0.8304,0.8136,1.0025412956897217,0.9252377972901688,0.9662555271119385,0.9565012932047966,-0.009754233907141918,"/net/storage/pr3/plgrid/plggdnnp/reports/phase3, phase 3 intervention, trained with phase1=40, phase2=200, mm_cifar10, mm_resnet, sgd, epochs=200_overlap=0.0_lr=0.6_wd=0.0_lambda=1.0/2026-08-01_17-00-47-175297/checkpoints/model_step_phase3_candidate_epoch_144.pth",True
83,148,0.858,0.8304,0.8062,1.0123078451683611,0.8948684197527904,0.9662555271119385,0.947801551845756,-0.018453975266182532,"/net/storage/pr3/plgrid/plggdnnp/reports/phase3, phase 3 intervention, trained with phase1=40, phase2=200, mm_cifar10, mm_resnet, sgd, epochs=200_overlap=0.0_lr=0.6_wd=0.0_lambda=1.0/2026-08-01_17-00-47-175297/checkpoints/model_step_phase3_candidate_epoch_148.pth",True
83,152,0.8586,0.8304,0.8142,0.9508037583488987,0.8731962663492591,0.9662555271119385,0.9572066776393134,-0.009048849472625076,"/net/storage/pr3/plgrid/plggdnnp/reports/phase3, phase 3 intervention, trained with phase1=40, phase2=200, mm_cifar10, mm_resnet, sgd, epochs=200_overlap=0.0_lr=0.6_wd=0.0_lambda=1.0/2026-08-01_17-00-47-175297/checkpoints/model_step_phase3_candidate_epoch_152.pth",True
83,156,0.8496,0.8304,0.8158,1.0284784280692985,0.898241616181767,0.9662555271119385,0.9590877027980249,-0.007167824313913607,"/net/storage/pr3/plgrid/plggdnnp/reports/phase3, phase 3 intervention, trained with phase1=40, phase2=200, mm_cifar10, mm_resnet, sgd, epochs=200_overlap=0.0_lr=0.6_wd=0.0_lambda=1.0/2026-08-01_17-00-47-175297/checkpoints/model_step_phase3_candidate_epoch_156.pth",True
83,160,0.8578,0.8304,0.8136,1.0064685046078905,0.8764884247411434,0.9662555271119385,0.9565012932047966,-0.009754233907141918,"/net/storage/pr3/plgrid/plggdnnp/reports/phase3, phase 3 intervention, trained with phase1=40, phase2=200, mm_cifar10, mm_resnet, sgd, epochs=200_overlap=0.0_lr=0.6_wd=0.0_lambda=1.0/2026-08-01_17-00-47-175297/checkpoints/model_step_phase3_candidate_epoch_160.pth",True
83,164,0.8536,0.8304,0.8118,1.0539917676994688,0.9584873912054507,0.9662555271119385,0.9543851399012461,-0.011870387210692446,"/net/storage/pr3/plgrid/plggdnnp/reports/phase3, phase 3 intervention, trained with phase1=40, phase2=200, mm_cifar10, mm_resnet, sgd, epochs=200_overlap=0.0_lr=0.6_wd=0.0_lambda=1.0/2026-08-01_17-00-47-175297/checkpoints/model_step_phase3_candidate_epoch_164.pth",True
83,168,0.8522,0.8304,0.8094,1.0440027122504674,0.9594731296096489,0.9662555271119385,0.9515636021631789,-0.014691924948759594,"/net/storage/pr3/plgrid/plggdnnp/reports/phase3, phase 3 intervention, trained with phase1=40, phase2=200, mm_cifar10, mm_resnet, sgd, epochs=200_overlap=0.0_lr=0.6_wd=0.0_lambda=1.0/2026-08-01_17-00-47-175297/checkpoints/model_step_phase3_candidate_epoch_168.pth",True
83,172,0.8542,0.8304,0.813,1.0283391256281162,0.9351966997783816,0.9662555271119385,0.9557959087702798,-0.01045961834165876,"/net/storage/pr3/plgrid/plggdnnp/reports/phase3, phase 3 intervention, trained with phase1=40, phase2=200, mm_cifar10, mm_resnet, sgd, epochs=200_overlap=0.0_lr=0.6_wd=0.0_lambda=1.0/2026-08-01_17-00-47-175297/checkpoints/model_step_phase3_candidate_epoch_172.pth",True
83,176,0.8534,0.8304,0.8154,1.048267975446534,0.9250082973607464,0.9662555271119385,0.958617446508347,-0.007638080603591502,"/net/storage/pr3/plgrid/plggdnnp/reports/phase3, phase 3 intervention, trained with phase1=40, phase2=200, mm_cifar10, mm_resnet, sgd, epochs=200_overlap=0.0_lr=0.6_wd=0.0_lambda=1.0/2026-08-01_17-00-47-175297/checkpoints/model_step_phase3_candidate_epoch_176.pth",True
83,180,0.859,0.8304,0.8172,1.008979069068276,0.9833943697418178,0.9662555271119385,0.9607335998118975,-0.005521927300040974,"/net/storage/pr3/plgrid/plggdnnp/reports/phase3, phase 3 intervention, trained with phase1=40, phase2=200, mm_cifar10, mm_resnet, sgd, epochs=200_overlap=0.0_lr=0.6_wd=0.0_lambda=1.0/2026-08-01_17-00-47-175297/checkpoints/model_step_phase3_candidate_epoch_180.pth",True
83,184,0.8508,0.8304,0.8164,1.1035961374391736,0.9470258405136155,0.9662555271119385,0.9597930872325418,-0.006462439879396764,"/net/storage/pr3/plgrid/plggdnnp/reports/phase3, phase 3 intervention, trained with phase1=40, phase2=200, mm_cifar10, mm_resnet, sgd, epochs=200_overlap=0.0_lr=0.6_wd=0.0_lambda=1.0/2026-08-01_17-00-47-175297/checkpoints/model_step_phase3_candidate_epoch_184.pth",True
83,188,0.8578,0.8304,0.8204,1.0314457452026693,0.9393752608172816,0.9662555271119385,0.9644956501293205,-0.001759876982618036,"/net/storage/pr3/plgrid/plggdnnp/reports/phase3, phase 3 intervention, trained with phase1=40, phase2=200, mm_cifar10, mm_resnet, sgd, epochs=200_overlap=0.0_lr=0.6_wd=0.0_lambda=1.0/2026-08-01_17-00-47-175297/checkpoints/model_step_phase3_candidate_epoch_188.pth",True
83,192,0.8512,0.8304,0.814,1.0289507138054543,0.9390616193081801,0.9662555271119385,0.9569715494944744,-0.009283977617464134,"/net/storage/pr3/plgrid/plggdnnp/reports/phase3, phase 3 intervention, trained with phase1=40, phase2=200, mm_cifar10, mm_resnet, sgd, epochs=200_overlap=0.0_lr=0.6_wd=0.0_lambda=1.0/2026-08-01_17-00-47-175297/checkpoints/model_step_phase3_candidate_epoch_192.pth",True
83,196,0.8524,0.8304,0.8196,1.0362521451128743,0.9614376080625114,0.9662555271119385,0.9635551375499647,-0.002700389561973826,"/net/storage/pr3/plgrid/plggdnnp/reports/phase3, phase 3 intervention, trained with phase1=40, phase2=200, mm_cifar10, mm_resnet, sgd, epochs=200_overlap=0.0_lr=0.6_wd=0.0_lambda=1.0/2026-08-01_17-00-47-175297/checkpoints/model_step_phase3_candidate_epoch_196.pth",True
83,200,0.853,0.8304,0.8198,1.0850497263571184,0.9791780684948768,0.9662555271119385,0.9637902656948036,-0.0024652614171348786,"/net/storage/pr3/plgrid/plggdnnp/reports/phase3, phase 3 intervention, trained with phase1=40, phase2=200, mm_cifar10, mm_resnet, sgd, epochs=200_overlap=0.0_lr=0.6_wd=0.0_lambda=1.0/2026-08-01_17-00-47-175297/checkpoints/model_step_phase3_candidate_epoch_200.pth",True
184,0,0.8646,0.8068,0.166,0.9438421856465025,6.494822316066207,0.9333641832484961,0.19401589527816737,-0.7393482879703288,"/net/storage/pr3/plgrid/plggdnnp/reports/phase3, phase 3 intervention, trained with phase1=40, phase2=200, mm_cifar10, mm_resnet, sgd, epochs=200_overlap=0.0_lr=0.6_wd=0.0_lambda=1.0/2026-08-01_17-00-47-180128/checkpoints/model_step_phase3_pre_intervention.pth",True
184,1,0.8314,0.8068,0.492,1.1286914422530365,1.4576637349294674,0.9333641832484961,0.5750350631136044,-0.3583291201348917,"/net/storage/pr3/plgrid/plggdnnp/reports/phase3, phase 3 intervention, trained with phase1=40, phase2=200, mm_cifar10, mm_resnet, sgd, epochs=200_overlap=0.0_lr=0.6_wd=0.0_lambda=1.0/2026-08-01_17-00-47-180128/checkpoints/model_step_phase3_candidate_epoch_1.pth",True
184,2,0.8204,0.8068,0.543,1.17837976542805,1.2950919499899218,0.9333641832484961,0.6346423562412342,-0.2987218270072619,"/net/storage/pr3/plgrid/plggdnnp/reports/phase3, phase 3 intervention, trained with phase1=40, phase2=200, mm_cifar10, mm_resnet, sgd, epochs=200_overlap=0.0_lr=0.6_wd=0.0_lambda=1.0/2026-08-01_17-00-47-180128/checkpoints/model_step_phase3_candidate_epoch_2.pth",True
184,3,0.8178,0.8068,0.5574,1.1917515760056503,1.2705486347130766,0.9333641832484961,0.6514726507713885,-0.28189153247710763,"/net/storage/pr3/plgrid/plggdnnp/reports/phase3, phase 3 intervention, trained with phase1=40, phase2=200, mm_cifar10, mm_resnet, sgd, epochs=200_overlap=0.0_lr=0.6_wd=0.0_lambda=1.0/2026-08-01_17-00-47-180128/checkpoints/model_step_phase3_candidate_epoch_3.pth",True
184,4,0.8124,0.8068,0.5778,1.2333971886021602,1.231391687445484,0.9333641832484961,0.6753155680224403,-0.2580486152260558,"/net/storage/pr3/plgrid/plggdnnp/reports/phase3, phase 3 intervention, trained with phase1=40, phase2=200, mm_cifar10, mm_resnet, sgd, epochs=200_overlap=0.0_lr=0.6_wd=0.0_lambda=1.0/2026-08-01_17-00-47-180128/checkpoints/model_step_phase3_candidate_epoch_4.pth",True
184,8,0.8132,0.8068,0.6464,1.2079607086538298,1.0411448990803238,0.9333641832484961,0.7554932211313697,-0.17787096211712639,"/net/storage/pr3/plgrid/plggdnnp/reports/phase3, phase 3 intervention, trained with phase1=40, phase2=200, mm_cifar10, mm_resnet, sgd, epochs=200_overlap=0.0_lr=0.6_wd=0.0_lambda=1.0/2026-08-01_17-00-47-180128/checkpoints/model_step_phase3_candidate_epoch_8.pth",True
184,12,0.8078,0.8068,0.696,1.2498738326092382,0.8817292410720511,0.9333641832484961,0.8134642356241233,-0.11989994762437284,"/net/storage/pr3/plgrid/plggdnnp/reports/phase3, phase 3 intervention, trained with phase1=40, phase2=200, mm_cifar10, mm_resnet, sgd, epochs=200_overlap=0.0_lr=0.6_wd=0.0_lambda=1.0/2026-08-01_17-00-47-180128/checkpoints/model_step_phase3_candidate_epoch_12.pth",True
184,16,0.8096,0.8068,0.727,1.2622619596587483,0.8244203799104234,0.9333641832484961,0.8496961196820944,-0.08366806356640177,"/net/storage/pr3/plgrid/plggdnnp/reports/phase3, phase 3 intervention, trained with phase1=40, phase2=200, mm_cifar10, mm_resnet, sgd, epochs=200_overlap=0.0_lr=0.6_wd=0.0_lambda=1.0/2026-08-01_17-00-47-180128/checkpoints/model_step_phase3_candidate_epoch_16.pth",True
184,20,0.8092,0.8068,0.7296,1.2266067423402462,0.813768135886489,0.9333641832484961,0.85273492286115,-0.08062926038734608,"/net/storage/pr3/plgrid/plggdnnp/reports/phase3, phase 3 intervention, trained with phase1=40, phase2=200, mm_cifar10, mm_resnet, sgd, epochs=200_overlap=0.0_lr=0.6_wd=0.0_lambda=1.0/2026-08-01_17-00-47-180128/checkpoints/model_step_phase3_candidate_epoch_20.pth",True
184,24,0.799,0.8068,0.7382,1.3074800329176435,0.7849151283797293,0.9333641832484961,0.8627863487611033,-0.07057783448739285,"/net/storage/pr3/plgrid/plggdnnp/reports/phase3, phase 3 intervention, trained with phase1=40, phase2=200, mm_cifar10, mm_resnet, sgd, epochs=200_overlap=0.0_lr=0.6_wd=0.0_lambda=1.0/2026-08-01_17-00-47-180128/checkpoints/model_step_phase3_candidate_epoch_24.pth",True
184,28,0.8066,0.8068,0.7516,1.3043460419451913,0.779889174881173,0.9333641832484961,0.8784478728377747,-0.054916310410721425,"/net/storage/pr3/plgrid/plggdnnp/reports/phase3, phase 3 intervention, trained with phase1=40, phase2=200, mm_cifar10, mm_resnet, sgd, epochs=200_overlap=0.0_lr=0.6_wd=0.0_lambda=1.0/2026-08-01_17-00-47-180128/checkpoints/model_step_phase3_candidate_epoch_28.pth",True
184,32,0.8082,0.8068,0.7652,1.2722041615403652,0.7460817046830728,0.9333641832484961,0.8943431510051425,-0.039021032243353626,"/net/storage/pr3/plgrid/plggdnnp/reports/phase3, phase 3 intervention, trained with phase1=40, phase2=200, mm_cifar10, mm_resnet, sgd, epochs=200_overlap=0.0_lr=0.6_wd=0.0_lambda=1.0/2026-08-01_17-00-47-180128/checkpoints/model_step_phase3_candidate_epoch_32.pth",True
184,36,0.799,0.8068,0.7684,1.3278473843142942,0.7264224383759189,0.9333641832484961,0.898083216456288,-0.03528096679220816,"/net/storage/pr3/plgrid/plggdnnp/reports/phase3, phase 3 intervention, trained with phase1=40, phase2=200, mm_cifar10, mm_resnet, sgd, epochs=200_overlap=0.0_lr=0.6_wd=0.0_lambda=1.0/2026-08-01_17-00-47-180128/checkpoints/model_step_phase3_candidate_epoch_36.pth",True
184,40,0.8032,0.8068,0.7732,1.2991756795070886,0.7136245048461304,0.9333641832484961,0.9036933146330061,-0.029670868615490065,"/net/storage/pr3/plgrid/plggdnnp/reports/phase3, phase 3 intervention, trained with phase1=40, phase2=200, mm_cifar10, mm_resnet, sgd, epochs=200_overlap=0.0_lr=0.6_wd=0.0_lambda=1.0/2026-08-01_17-00-47-180128/checkpoints/model_step_phase3_candidate_epoch_40.pth",True
184,44,0.7952,0.8068,0.7816,1.371477859831874,0.7433834856360122,0.9333641832484961,0.9135109864422627,-0.01985319680623343,"/net/storage/pr3/plgrid/plggdnnp/reports/phase3, phase 3 intervention, trained with phase1=40, phase2=200, mm_cifar10, mm_resnet, sgd, epochs=200_overlap=0.0_lr=0.6_wd=0.0_lambda=1.0/2026-08-01_17-00-47-180128/checkpoints/model_step_phase3_candidate_epoch_44.pth",True
184,48,0.7978,0.8068,0.7808,1.3409703639456585,0.7401347316714867,0.9333641832484961,0.9125759700794764,-0.020788213169019687,"/net/storage/pr3/plgrid/plggdnnp/reports/phase3, phase 3 intervention, trained with phase1=40, phase2=200, mm_cifar10, mm_resnet, sgd, epochs=200_overlap=0.0_lr=0.6_wd=0.0_lambda=1.0/2026-08-01_17-00-47-180128/checkpoints/model_step_phase3_candidate_epoch_48.pth",True
184,52,0.8,0.8068,0.7844,1.3268583585984663,0.7252124324744709,0.9333641832484961,0.9167835437120149,-0.016580639536481256,"/net/storage/pr3/plgrid/plggdnnp/reports/phase3, phase 3 intervention, trained with phase1=40, phase2=200, mm_cifar10, mm_resnet, sgd, epochs=200_overlap=0.0_lr=0.6_wd=0.0_lambda=1.0/2026-08-01_17-00-47-180128/checkpoints/model_step_phase3_candidate_epoch_52.pth",True
184,56,0.7966,0.8068,0.7834,1.371066489835292,0.7613965811671394,0.9333641832484961,0.915614773258532,-0.017749409989964104,"/net/storage/pr3/plgrid/plggdnnp/reports/phase3, phase 3 intervention, trained with phase1=40, phase2=200, mm_cifar10, mm_resnet, sgd, epochs=200_overlap=0.0_lr=0.6_wd=0.0_lambda=1.0/2026-08-01_17-00-47-180128/checkpoints/model_step_phase3_candidate_epoch_56.pth",True
184,60,0.7988,0.8068,0.7954,1.4083455601138368,0.7337017323936533,0.9333641832484961,0.9296400187003272,-0.003724164548168929,"/net/storage/pr3/plgrid/plggdnnp/reports/phase3, phase 3 intervention, trained with phase1=40, phase2=200, mm_cifar10, mm_resnet, sgd, epochs=200_overlap=0.0_lr=0.6_wd=0.0_lambda=1.0/2026-08-01_17-00-47-180128/checkpoints/model_step_phase3_candidate_epoch_60.pth",True
184,64,0.7964,0.8068,0.7896,1.3933169961833152,0.7377531275652219,0.9333641832484961,0.9228611500701261,-0.01050303317836998,"/net/storage/pr3/plgrid/plggdnnp/reports/phase3, phase 3 intervention, trained with phase1=40, phase2=200, mm_cifar10, mm_resnet, sgd, epochs=200_overlap=0.0_lr=0.6_wd=0.0_lambda=1.0/2026-08-01_17-00-47-180128/checkpoints/model_step_phase3_candidate_epoch_64.pth",True
184,68,0.7978,0.8068,0.791,1.4150374169306394,0.7655728621244442,0.9333641832484961,0.9244974287050024,-0.008866754543493727,"/net/storage/pr3/plgrid/plggdnnp/reports/phase3, phase 3 intervention, trained with phase1=40, phase2=200, mm_cifar10, mm_resnet, sgd, epochs=200_overlap=0.0_lr=0.6_wd=0.0_lambda=1.0/2026-08-01_17-00-47-180128/checkpoints/model_step_phase3_candidate_epoch_68.pth",True
184,72,0.798,0.8068,0.792,1.407399140904,0.7519380917757416,0.9333641832484961,0.9256661991584852,-0.007697984090010879,"/net/storage/pr3/plgrid/plggdnnp/reports/phase3, phase 3 intervention, trained with phase1=40, phase2=200, mm_cifar10, mm_resnet, sgd, epochs=200_overlap=0.0_lr=0.6_wd=0.0_lambda=1.0/2026-08-01_17-00-47-180128/checkpoints/model_step_phase3_candidate_epoch_72.pth",True
184,76,0.7938,0.8068,0.7936,1.4253575475377624,0.7717507015185352,0.9333641832484961,0.9275362318840579,-0.005827951364438255,"/net/storage/pr3/plgrid/plggdnnp/reports/phase3, phase 3 intervention, trained with phase1=40, phase2=200, mm_cifar10, mm_resnet, sgd, epochs=200_overlap=0.0_lr=0.6_wd=0.0_lambda=1.0/2026-08-01_17-00-47-180128/checkpoints/model_step_phase3_candidate_epoch_76.pth",True
184,80,0.8044,0.8068,0.8008,1.3383176807284944,0.73056957932662,0.9333641832484961,0.9359513791491351,0.002587195900638939,"/net/storage/pr3/plgrid/plggdnnp/reports/phase3, phase 3 intervention, trained with phase1=40, phase2=200, mm_cifar10, mm_resnet, sgd, epochs=200_overlap=0.0_lr=0.6_wd=0.0_lambda=1.0/2026-08-01_17-00-47-180128/checkpoints/model_step_phase3_candidate_epoch_80.pth",True
184,84,0.804,0.8068,0.792,1.3533206046626758,0.8166028776685578,0.9333641832484961,0.9256661991584852,-0.007697984090010879,"/net/storage/pr3/plgrid/plggdnnp/reports/phase3, phase 3 intervention, trained with phase1=40, phase2=200, mm_cifar10, mm_resnet, sgd, epochs=200_overlap=0.0_lr=0.6_wd=0.0_lambda=1.0/2026-08-01_17-00-47-180128/checkpoints/model_step_phase3_candidate_epoch_84.pth",True
184,88,0.8022,0.8068,0.7942,1.392048149460418,0.8363678018577173,0.9333641832484961,0.9282374941561478,-0.005126689092348369,"/net/storage/pr3/plgrid/plggdnnp/reports/phase3, phase 3 intervention, trained with phase1=40, phase2=200, mm_cifar10, mm_resnet, sgd, epochs=200_overlap=0.0_lr=0.6_wd=0.0_lambda=1.0/2026-08-01_17-00-47-180128/checkpoints/model_step_phase3_candidate_epoch_88.pth",True
184,92,0.7954,0.8068,0.7956,1.4531076001847205,0.8041824953443869,0.9333641832484961,0.9298737727910238,-0.003490410457472337,"/net/storage/pr3/plgrid/plggdnnp/reports/phase3, phase 3 intervention, trained with phase1=40, phase2=200, mm_cifar10, mm_resnet, sgd, epochs=200_overlap=0.0_lr=0.6_wd=0.0_lambda=1.0/2026-08-01_17-00-47-180128/checkpoints/model_step_phase3_candidate_epoch_92.pth",True
184,96,0.791,0.8068,0.7966,1.4249212348471474,0.8261359364048095,0.9333641832484961,0.9310425432445067,-0.002321640003989378,"/net/storage/pr3/plgrid/plggdnnp/reports/phase3, phase 3 intervention, trained with phase1=40, phase2=200, mm_cifar10, mm_resnet, sgd, epochs=200_overlap=0.0_lr=0.6_wd=0.0_lambda=1.0/2026-08-01_17-00-47-180128/checkpoints/model_step_phase3_candidate_epoch_96.pth",True
184,100,0.8018,0.8068,0.8002,1.3708322439603666,0.829909805856809,0.9333641832484961,0.9352501168770453,0.0018859336285491635,"/net/storage/pr3/plgrid/plggdnnp/reports/phase3, phase 3 intervention, trained with phase1=40, phase2=200, mm_cifar10, mm_resnet, sgd, epochs=200_overlap=0.0_lr=0.6_wd=0.0_lambda=1.0/2026-08-01_17-00-47-180128/checkpoints/model_step_phase3_candidate_epoch_100.pth",True
184,104,0.805,0.8068,0.7966,1.369275223439091,0.8255041682236145,0.9333641832484961,0.9310425432445067,-0.002321640003989378,"/net/storage/pr3/plgrid/plggdnnp/reports/phase3, phase 3 intervention, trained with phase1=40, phase2=200, mm_cifar10, mm_resnet, sgd, epochs=200_overlap=0.0_lr=0.6_wd=0.0_lambda=1.0/2026-08-01_17-00-47-180128/checkpoints/model_step_phase3_candidate_epoch_104.pth",True
184,108,0.8082,0.8068,0.7972,1.3689952193025803,0.9036149119877356,0.9333641832484961,0.9317438055165965,-0.0016203777318996027,"/net/storage/pr3/plgrid/plggdnnp/reports/phase3, phase 3 intervention, trained with phase1=40, phase2=200, mm_cifar10, mm_resnet, sgd, epochs=200_overlap=0.0_lr=0.6_wd=0.0_lambda=1.0/2026-08-01_17-00-47-180128/checkpoints/model_step_phase3_candidate_epoch_108.pth",True
184,112,0.797,0.8068,0.8,1.425092379398947,0.832026657706595,0.9333641832484961,0.9350163627863488,0.0016521795378526827,"/net/storage/pr3/plgrid/plggdnnp/reports/phase3, phase 3 intervention, trained with phase1=40, phase2=200, mm_cifar10, mm_resnet, sgd, epochs=200_overlap=0.0_lr=0.6_wd=0.0_lambda=1.0/2026-08-01_17-00-47-180128/checkpoints/model_step_phase3_candidate_epoch_112.pth",True
184,116,0.8026,0.8068,0.7998,1.4132392020461793,0.8823971882191368,0.9333641832484961,0.9347826086956521,0.0014184254471559798,"/net/storage/pr3/plgrid/plggdnnp/reports/phase3, phase 3 intervention, trained with phase1=40, phase2=200, mm_cifar10, mm_resnet, sgd, epochs=200_overlap=0.0_lr=0.6_wd=0.0_lambda=1.0/2026-08-01_17-00-47-180128/checkpoints/model_step_phase3_candidate_epoch_116.pth",True
184,120,0.8076,0.8068,0.806,1.4056019157730963,0.835637235303394,0.9333641832484961,0.9420289855072465,0.008664802258750326,"/net/storage/pr3/plgrid/plggdnnp/reports/phase3, phase 3 intervention, trained with phase1=40, phase2=200, mm_cifar10, mm_resnet, sgd, epochs=200_overlap=0.0_lr=0.6_wd=0.0_lambda=1.0/2026-08-01_17-00-47-180128/checkpoints/model_step_phase3_candidate_epoch_120.pth",True
184,124,0.8086,0.8068,0.7962,1.4041346731174147,0.8987991095430183,0.9333641832484961,0.9305750350631136,-0.0027891481853825617,"/net/storage/pr3/plgrid/plggdnnp/reports/phase3, phase 3 intervention, trained with phase1=40, phase2=200, mm_cifar10, mm_resnet, sgd, epochs=200_overlap=0.0_lr=0.6_wd=0.0_lambda=1.0/2026-08-01_17-00-47-180128/checkpoints/model_step_phase3_candidate_epoch_124.pth",True
184,128,0.8066,0.8068,0.8024,1.4075045889664106,0.8978951417962531,0.9333641832484961,0.9378214118747078,0.004457228626211673,"/net/storage/pr3/plgrid/plggdnnp/reports/phase3, phase 3 intervention, trained with phase1=40, phase2=200, mm_cifar10, mm_resnet, sgd, epochs=200_overlap=0.0_lr=0.6_wd=0.0_lambda=1.0/2026-08-01_17-00-47-180128/checkpoints/model_step_phase3_candidate_epoch_128.pth",True
184,132,0.8026,0.8068,0.8014,1.4224414382922532,0.8782271132114889,0.9333641832484961,0.9366526414212248,0.0032884581727287143,"/net/storage/pr3/plgrid/plggdnnp/reports/phase3, phase 3 intervention, trained with phase1=40, phase2=200, mm_cifar10, mm_resnet, sgd, epochs=200_overlap=0.0_lr=0.6_wd=0.0_lambda=1.0/2026-08-01_17-00-47-180128/checkpoints/model_step_phase3_candidate_epoch_132.pth",True
184,136,0.8036,0.8068,0.797,1.3878603341621694,0.8905356192485652,0.9333641832484961,0.9315100514258999,-0.0018541318225961945,"/net/storage/pr3/plgrid/plggdnnp/reports/phase3, phase 3 intervention, trained with phase1=40, phase2=200, mm_cifar10, mm_resnet, sgd, epochs=200_overlap=0.0_lr=0.6_wd=0.0_lambda=1.0/2026-08-01_17-00-47-180128/checkpoints/model_step_phase3_candidate_epoch_136.pth",True
184,140,0.7982,0.8068,0.8024,1.4797375463219775,0.9157874919964314,0.9333641832484961,0.9378214118747078,0.004457228626211673,"/net/storage/pr3/plgrid/plggdnnp/reports/phase3, phase 3 intervention, trained with phase1=40, phase2=200, mm_cifar10, mm_resnet, sgd, epochs=200_overlap=0.0_lr=0.6_wd=0.0_lambda=1.0/2026-08-01_17-00-47-180128/checkpoints/model_step_phase3_candidate_epoch_140.pth",True
184,144,0.8,0.8068,0.7992,1.472529466303599,0.935237154411526,0.9333641832484961,0.9340813464235624,0.0007171631750663154,"/net/storage/pr3/plgrid/plggdnnp/reports/phase3, phase 3 intervention, trained with phase1=40, phase2=200, mm_cifar10, mm_resnet, sgd, epochs=200_overlap=0.0_lr=0.6_wd=0.0_lambda=1.0/2026-08-01_17-00-47-180128/checkpoints/model_step_phase3_candidate_epoch_144.pth",True
184,148,0.805,0.8068,0.8006,1.4334327047905042,0.9309401163764816,0.9333641832484961,0.9357176250584385,0.002353441809942347,"/net/storage/pr3/plgrid/plggdnnp/reports/phase3, phase 3 intervention, trained with phase1=40, phase2=200, mm_cifar10, mm_resnet, sgd, epochs=200_overlap=0.0_lr=0.6_wd=0.0_lambda=1.0/2026-08-01_17-00-47-180128/checkpoints/model_step_phase3_candidate_epoch_148.pth",True
184,152,0.8004,0.8068,0.8048,1.4517191840965589,0.915853887258798,0.9333641832484961,0.9406264609630668,0.007262277714570664,"/net/storage/pr3/plgrid/plggdnnp/reports/phase3, phase 3 intervention, trained with phase1=40, phase2=200, mm_cifar10, mm_resnet, sgd, epochs=200_overlap=0.0_lr=0.6_wd=0.0_lambda=1.0/2026-08-01_17-00-47-180128/checkpoints/model_step_phase3_candidate_epoch_152.pth",True
184,156,0.8082,0.8068,0.805,1.415802697125127,0.9375045851225641,0.9333641832484961,0.9408602150537635,0.007496031805267367,"/net/storage/pr3/plgrid/plggdnnp/reports/phase3, phase 3 intervention, trained with phase1=40, phase2=200, mm_cifar10, mm_resnet, sgd, epochs=200_overlap=0.0_lr=0.6_wd=0.0_lambda=1.0/2026-08-01_17-00-47-180128/checkpoints/model_step_phase3_candidate_epoch_156.pth",True
184,160,0.8042,0.8068,0.8038,1.447893383994576,0.9093196591975519,0.9333641832484961,0.9394576905095838,0.006093507261087705,"/net/storage/pr3/plgrid/plggdnnp/reports/phase3, phase 3 intervention, trained with phase1=40, phase2=200, mm_cifar10, mm_resnet, sgd, epochs=200_overlap=0.0_lr=0.6_wd=0.0_lambda=1.0/2026-08-01_17-00-47-180128/checkpoints/model_step_phase3_candidate_epoch_160.pth",True
184,164,0.7986,0.8068,0.7978,1.4639800231080067,0.9348457559786896,0.9333641832484961,0.9324450677886862,-0.0009191154598099383,"/net/storage/pr3/plgrid/plggdnnp/reports/phase3, phase 3 intervention, trained with phase1=40, phase2=200, mm_cifar10, mm_resnet, sgd, epochs=200_overlap=0.0_lr=0.6_wd=0.0_lambda=1.0/2026-08-01_17-00-47-180128/checkpoints/model_step_phase3_candidate_epoch_164.pth",True
184,168,0.804,0.8068,0.8002,1.449697749287183,0.9662129925729772,0.9333641832484961,0.9352501168770453,0.0018859336285491635,"/net/storage/pr3/plgrid/plggdnnp/reports/phase3, phase 3 intervention, trained with phase1=40, phase2=200, mm_cifar10, mm_resnet, sgd, epochs=200_overlap=0.0_lr=0.6_wd=0.0_lambda=1.0/2026-08-01_17-00-47-180128/checkpoints/model_step_phase3_candidate_epoch_168.pth",True
184,172,0.8036,0.8068,0.8034,1.4428185199463022,0.9592007483863926,0.9333641832484961,0.9389901823281908,0.005625999079694632,"/net/storage/pr3/plgrid/plggdnnp/reports/phase3, phase 3 intervention, trained with phase1=40, phase2=200, mm_cifar10, mm_resnet, sgd, epochs=200_overlap=0.0_lr=0.6_wd=0.0_lambda=1.0/2026-08-01_17-00-47-180128/checkpoints/model_step_phase3_candidate_epoch_172.pth",True
184,176,0.8028,0.8068,0.8062,1.4652565006335085,0.9785773252052212,0.9333641832484961,0.9422627395979429,0.008898556349446807,"/net/storage/pr3/plgrid/plggdnnp/reports/phase3, phase 3 intervention, trained with phase1=40, phase2=200, mm_cifar10, mm_resnet, sgd, epochs=200_overlap=0.0_lr=0.6_wd=0.0_lambda=1.0/2026-08-01_17-00-47-180128/checkpoints/model_step_phase3_candidate_epoch_176.pth",True
184,180,0.8002,0.8068,0.8006,1.440663997485849,0.9383912270017504,0.9333641832484961,0.9357176250584385,0.002353441809942347,"/net/storage/pr3/plgrid/plggdnnp/reports/phase3, phase 3 intervention, trained with phase1=40, phase2=200, mm_cifar10, mm_resnet, sgd, epochs=200_overlap=0.0_lr=0.6_wd=0.0_lambda=1.0/2026-08-01_17-00-47-180128/checkpoints/model_step_phase3_candidate_epoch_180.pth",True
184,184,0.8046,0.8068,0.801,1.4526599155166984,0.9751502845899963,0.9333641832484961,0.9361851332398318,0.0028209499913356417,"/net/storage/pr3/plgrid/plggdnnp/reports/phase3, phase 3 intervention, trained with phase1=40, phase2=200, mm_cifar10, mm_resnet, sgd, epochs=200_overlap=0.0_lr=0.6_wd=0.0_lambda=1.0/2026-08-01_17-00-47-180128/checkpoints/model_step_phase3_candidate_epoch_184.pth",True
184,188,0.8108,0.8068,0.7958,1.4129612198951866,1.0205125544672142,0.9333641832484961,0.9301075268817204,-0.0032566563667757453,"/net/storage/pr3/plgrid/plggdnnp/reports/phase3, phase 3 intervention, trained with phase1=40, phase2=200, mm_cifar10, mm_resnet, sgd, epochs=200_overlap=0.0_lr=0.6_wd=0.0_lambda=1.0/2026-08-01_17-00-47-180128/checkpoints/model_step_phase3_candidate_epoch_188.pth",True
184,192,0.804,0.8068,0.8026,1.4604255905727703,0.9816756661835677,0.9333641832484961,0.9380551659654044,0.004690982716908265,"/net/storage/pr3/plgrid/plggdnnp/reports/phase3, phase 3 intervention, trained with phase1=40, phase2=200, mm_cifar10, mm_resnet, sgd, epochs=200_overlap=0.0_lr=0.6_wd=0.0_lambda=1.0/2026-08-01_17-00-47-180128/checkpoints/model_step_phase3_candidate_epoch_192.pth",True
184,196,0.8062,0.8068,0.8052,1.442586537329345,0.9879806247983172,0.9333641832484961,0.94109396914446,0.007729785895963848,"/net/storage/pr3/plgrid/plggdnnp/reports/phase3, phase 3 intervention, trained with phase1=40, phase2=200, mm_cifar10, mm_resnet, sgd, epochs=200_overlap=0.0_lr=0.6_wd=0.0_lambda=1.0/2026-08-01_17-00-47-180128/checkpoints/model_step_phase3_candidate_epoch_196.pth",True
184,200,0.804,0.8068,0.7964,1.4519679228100413,1.0113537524117502,0.9333641832484961,0.9308087891538102,-0.00255539409468597,"/net/storage/pr3/plgrid/plggdnnp/reports/phase3, phase 3 intervention, trained with phase1=40, phase2=200, mm_cifar10, mm_resnet, sgd, epochs=200_overlap=0.0_lr=0.6_wd=0.0_lambda=1.0/2026-08-01_17-00-47-180128/checkpoints/model_step_phase3_candidate_epoch_200.pth",True
285,0,0.8734,0.8144,0.145,0.9191760887918984,7.440079610120614,0.9456572224802602,0.16931340495095748,-0.7763438175293027,"/net/storage/pr3/plgrid/plggdnnp/reports/phase3, phase 3 intervention, trained with phase1=40, phase2=200, mm_cifar10, mm_resnet, sgd, epochs=200_overlap=0.0_lr=0.6_wd=0.0_lambda=1.0/2026-08-01_17-00-47-193033/checkpoints/model_step_phase3_pre_intervention.pth",True
285,1,0.8466,0.8144,0.4264,1.1062319661000737,1.5857772998675677,0.9456572224802602,0.4978981784212984,-0.4477590440589618,"/net/storage/pr3/plgrid/plggdnnp/reports/phase3, phase 3 intervention, trained with phase1=40, phase2=200, mm_cifar10, mm_resnet, sgd, epochs=200_overlap=0.0_lr=0.6_wd=0.0_lambda=1.0/2026-08-01_17-00-47-193033/checkpoints/model_step_phase3_candidate_epoch_1.pth",True
285,2,0.8434,0.8144,0.4746,1.0995149841379532,1.4586605111055946,0.9456572224802602,0.5541802895843064,-0.39147693289595376,"/net/storage/pr3/plgrid/plggdnnp/reports/phase3, phase 3 intervention, trained with phase1=40, phase2=200, mm_cifar10, mm_resnet, sgd, epochs=200_overlap=0.0_lr=0.6_wd=0.0_lambda=1.0/2026-08-01_17-00-47-193033/checkpoints/model_step_phase3_candidate_epoch_2.pth",True
285,3,0.8414,0.8144,0.5006,1.1083597641413174,1.3989689497424418,0.9456572224802602,0.5845399346099953,-0.36111728787026487,"/net/storage/pr3/plgrid/plggdnnp/reports/phase3, phase 3 intervention, trained with phase1=40, phase2=200, mm_cifar10, mm_resnet, sgd, epochs=200_overlap=0.0_lr=0.6_wd=0.0_lambda=1.0/2026-08-01_17-00-47-193033/checkpoints/model_step_phase3_candidate_epoch_3.pth",True
285,4,0.8344,0.8144,0.5038,1.1550515548710278,1.391473729306498,0.9456572224802602,0.5882765063054647,-0.3573807161747955,"/net/storage/pr3/plgrid/plggdnnp/reports/phase3, phase 3 intervention, trained with phase1=40, phase2=200, mm_cifar10, mm_resnet, sgd, epochs=200_overlap=0.0_lr=0.6_wd=0.0_lambda=1.0/2026-08-01_17-00-47-193033/checkpoints/model_step_phase3_candidate_epoch_4.pth",True
285,8,0.8368,0.8144,0.605,1.1420566821332863,1.1245153902487746,0.9456572224802602,0.7064455861746847,-0.23921163630557551,"/net/storage/pr3/plgrid/plggdnnp/reports/phase3, phase 3 intervention, trained with phase1=40, phase2=200, mm_cifar10, mm_resnet, sgd, epochs=200_overlap=0.0_lr=0.6_wd=0.0_lambda=1.0/2026-08-01_17-00-47-193033/checkpoints/model_step_phase3_candidate_epoch_8.pth",True
285,12,0.829,0.8144,0.6442,1.2077435763743534,1.0576184509395516,0.9456572224802602,0.752218589444185,-0.19343863303607522,"/net/storage/pr3/plgrid/plggdnnp/reports/phase3, phase 3 intervention, trained with phase1=40, phase2=200, mm_cifar10, mm_resnet, sgd, epochs=200_overlap=0.0_lr=0.6_wd=0.0_lambda=1.0/2026-08-01_17-00-47-193033/checkpoints/model_step_phase3_candidate_epoch_12.pth",True
285,16,0.8354,0.8144,0.6798,1.130415308598512,0.9370483704286705,0.9456572224802602,0.7937879495562821,-0.15186927292397812,"/net/storage/pr3/plgrid/plggdnnp/reports/phase3, phase 3 intervention, trained with phase1=40, phase2=200, mm_cifar10, mm_resnet, sgd, epochs=200_overlap=0.0_lr=0.6_wd=0.0_lambda=1.0/2026-08-01_17-00-47-193033/checkpoints/model_step_phase3_candidate_epoch_16.pth",True
285,20,0.8394,0.8144,0.6906,1.1284378053889184,0.896091104730825,0.9456572224802602,0.8063988790284913,-0.1392583434517689,"/net/storage/pr3/plgrid/plggdnnp/reports/phase3, phase 3 intervention, trained with phase1=40, phase2=200, mm_cifar10, mm_resnet, sgd, epochs=200_overlap=0.0_lr=0.6_wd=0.0_lambda=1.0/2026-08-01_17-00-47-193033/checkpoints/model_step_phase3_candidate_epoch_20.pth",True
285,24,0.8352,0.8144,0.7156,1.1402076611098413,0.8034811338088921,0.9456572224802602,0.835590845399346,-0.11006637708091416,"/net/storage/pr3/plgrid/plggdnnp/reports/phase3, phase 3 intervention, trained with phase1=40, phase2=200, mm_cifar10, mm_resnet, sgd, epochs=200_overlap=0.0_lr=0.6_wd=0.0_lambda=1.0/2026-08-01_17-00-47-193033/checkpoints/model_step_phase3_candidate_epoch_24.pth",True
285,28,0.838,0.8144,0.7346,1.1286145683349664,0.7961688566086684,0.9456572224802602,0.8577767398411957,-0.08788048263906445,"/net/storage/pr3/plgrid/plggdnnp/reports/phase3, phase 3 intervention, trained with phase1=40, phase2=200, mm_cifar10, mm_resnet, sgd, epochs=200_overlap=0.0_lr=0.6_wd=0.0_lambda=1.0/2026-08-01_17-00-47-193033/checkpoints/model_step_phase3_candidate_epoch_28.pth",True
285,32,0.8374,0.8144,0.7394,1.119829433360807,0.7839221270222232,0.9456572224802602,0.8633815973843997,-0.0822756250958605,"/net/storage/pr3/plgrid/plggdnnp/reports/phase3, phase 3 intervention, trained with phase1=40, phase2=200, mm_cifar10, mm_resnet, sgd, epochs=200_overlap=0.0_lr=0.6_wd=0.0_lambda=1.0/2026-08-01_17-00-47-193033/checkpoints/model_step_phase3_candidate_epoch_32.pth",True
285,36,0.8346,0.8144,0.75,1.1435594560165905,0.7423940258578062,0.9456572224802602,0.8757589911256421,-0.06989823135461803,"/net/storage/pr3/plgrid/plggdnnp/reports/phase3, phase 3 intervention, trained with phase1=40, phase2=200, mm_cifar10, mm_resnet, sgd, epochs=200_overlap=0.0_lr=0.6_wd=0.0_lambda=1.0/2026-08-01_17-00-47-193033/checkpoints/model_step_phase3_candidate_epoch_36.pth",True
285,40,0.8312,0.8144,0.7636,1.1784403791701592,0.7266939171403436,0.9456572224802602,0.8916394208313871,-0.05401780164887304,"/net/storage/pr3/plgrid/plggdnnp/reports/phase3, phase 3 intervention, trained with phase1=40, phase2=200, mm_cifar10, mm_resnet, sgd, epochs=200_overlap=0.0_lr=0.6_wd=0.0_lambda=1.0/2026-08-01_17-00-47-193033/checkpoints/model_step_phase3_candidate_epoch_40.pth",True
285,44,0.8376,0.8144,0.7514,1.136409070588257,0.775193802537196,0.9456572224802602,0.87739374124241,-0.0682634812378502,"/net/storage/pr3/plgrid/plggdnnp/reports/phase3, phase 3 intervention, trained with phase1=40, phase2=200, mm_cifar10, mm_resnet, sgd, epochs=200_overlap=0.0_lr=0.6_wd=0.0_lambda=1.0/2026-08-01_17-00-47-193033/checkpoints/model_step_phase3_candidate_epoch_44.pth",True
285,48,0.837,0.8144,0.7648,1.1806278344297116,0.7344495502294413,0.9456572224802602,0.8930406352171882,-0.052616587263071946,"/net/storage/pr3/plgrid/plggdnnp/reports/phase3, phase 3 intervention, trained with phase1=40, phase2=200, mm_cifar10, mm_resnet, sgd, epochs=200_overlap=0.0_lr=0.6_wd=0.0_lambda=1.0/2026-08-01_17-00-47-193033/checkpoints/model_step_phase3_candidate_epoch_48.pth",True
285,52,0.8432,0.8144,0.7666,1.0753102853582728,0.7448661603882188,0.9456572224802602,0.8951424567958897,-0.05051476568437052,"/net/storage/pr3/plgrid/plggdnnp/reports/phase3, phase 3 intervention, trained with phase1=40, phase2=200, mm_cifar10, mm_resnet, sgd, epochs=200_overlap=0.0_lr=0.6_wd=0.0_lambda=1.0/2026-08-01_17-00-47-193033/checkpoints/model_step_phase3_candidate_epoch_52.pth",True
285,56,0.8336,0.8144,0.7616,1.209254637638006,0.7605095050528831,0.9456572224802602,0.8893040635217189,-0.056353158958541316,"/net/storage/pr3/plgrid/plggdnnp/reports/phase3, phase 3 intervention, trained with phase1=40, phase2=200, mm_cifar10, mm_resnet, sgd, epochs=200_overlap=0.0_lr=0.6_wd=0.0_lambda=1.0/2026-08-01_17-00-47-193033/checkpoints/model_step_phase3_candidate_epoch_56.pth",True
285,60,0.8374,0.8144,0.7692,1.1661995958551445,0.7538192841108409,0.9456572224802602,0.8981784212984586,-0.04747880118180159,"/net/storage/pr3/plgrid/plggdnnp/reports/phase3, phase 3 intervention, trained with phase1=40, phase2=200, mm_cifar10, mm_resnet, sgd, epochs=200_overlap=0.0_lr=0.6_wd=0.0_lambda=1.0/2026-08-01_17-00-47-193033/checkpoints/model_step_phase3_candidate_epoch_60.pth",True
285,64,0.8402,0.8144,0.7702,1.1669584119224998,0.7391240716102508,0.9456572224802602,0.8993460999532928,-0.04631112252696734,"/net/storage/pr3/plgrid/plggdnnp/reports/phase3, phase 3 intervention, trained with phase1=40, phase2=200, mm_cifar10, mm_resnet, sgd, epochs=200_overlap=0.0_lr=0.6_wd=0.0_lambda=1.0/2026-08-01_17-00-47-193033/checkpoints/model_step_phase3_candidate_epoch_64.pth",True
285,68,0.839,0.8144,0.7846,1.1421971630951089,0.716621429869145,0.9456572224802602,0.9161606725829051,-0.029496549897355062,"/net/storage/pr3/plgrid/plggdnnp/reports/phase3, phase 3 intervention, trained with phase1=40, phase2=200, mm_cifar10, mm_resnet, sgd, epochs=200_overlap=0.0_lr=0.6_wd=0.0_lambda=1.0/2026-08-01_17-00-47-193033/checkpoints/model_step_phase3_candidate_epoch_68.pth",True
285,72,0.837,0.8144,0.7738,1.1500122774792083,0.7597393209163238,0.9456572224802602,0.9035497431106959,-0.04210747936956427,"/net/storage/pr3/plgrid/plggdnnp/reports/phase3, phase 3 intervention, trained with phase1=40, phase2=200, mm_cifar10, mm_resnet, sgd, epochs=200_overlap=0.0_lr=0.6_wd=0.0_lambda=1.0/2026-08-01_17-00-47-193033/checkpoints/model_step_phase3_candidate_epoch_72.pth",True
285,76,0.8386,0.8144,0.7918,1.1755420922698583,0.7245751503496606,0.9456572224802602,0.9245679588977113,-0.021089263582548923,"/net/storage/pr3/plgrid/plggdnnp/reports/phase3, phase 3 intervention, trained with phase1=40, phase2=200, mm_cifar10, mm_resnet, sgd, epochs=200_overlap=0.0_lr=0.6_wd=0.0_lambda=1.0/2026-08-01_17-00-47-193033/checkpoints/model_step_phase3_candidate_epoch_76.pth",True
285,80,0.8376,0.8144,0.7878,1.1678931916763062,0.7309639147691475,0.9456572224802602,0.9198972442783745,-0.02575997820188569,"/net/storage/pr3/plgrid/plggdnnp/reports/phase3, phase 3 intervention, trained with phase1=40, phase2=200, mm_cifar10, mm_resnet, sgd, epochs=200_overlap=0.0_lr=0.6_wd=0.0_lambda=1.0/2026-08-01_17-00-47-193033/checkpoints/model_step_phase3_candidate_epoch_80.pth",True
285,84,0.8454,0.8144,0.7782,1.1037296374418524,0.7900127729946478,0.9456572224802602,0.9086875291919663,-0.036969693288293914,"/net/storage/pr3/plgrid/plggdnnp/reports/phase3, phase 3 intervention, trained with phase1=40, phase2=200, mm_cifar10, mm_resnet, sgd, epochs=200_overlap=0.0_lr=0.6_wd=0.0_lambda=1.0/2026-08-01_17-00-47-193033/checkpoints/model_step_phase3_candidate_epoch_84.pth",True
285,88,0.8416,0.8144,0.7862,1.1841625634637036,0.7753882865011514,0.9456572224802602,0.9180289584306398,-0.027628264049620377,"/net/storage/pr3/plgrid/plggdnnp/reports/phase3, phase 3 intervention, trained with phase1=40, phase2=200, mm_cifar10, mm_resnet, sgd, epochs=200_overlap=0.0_lr=0.6_wd=0.0_lambda=1.0/2026-08-01_17-00-47-193033/checkpoints/model_step_phase3_candidate_epoch_88.pth",True
285,92,0.8394,0.8144,0.7842,1.1472627703777125,0.7940702965762727,0.9456572224802602,0.9156936011209714,-0.02996362135928876,"/net/storage/pr3/plgrid/plggdnnp/reports/phase3, phase 3 intervention, trained with phase1=40, phase2=200, mm_cifar10, mm_resnet, sgd, epochs=200_overlap=0.0_lr=0.6_wd=0.0_lambda=1.0/2026-08-01_17-00-47-193033/checkpoints/model_step_phase3_candidate_epoch_92.pth",True
285,96,0.8428,0.8144,0.7892,1.1603571804190254,0.7863421656765898,0.9456572224802602,0.9215319943951424,-0.024125228085117745,"/net/storage/pr3/plgrid/plggdnnp/reports/phase3, phase 3 intervention, trained with phase1=40, phase2=200, mm_cifar10, mm_resnet, sgd, epochs=200_overlap=0.0_lr=0.6_wd=0.0_lambda=1.0/2026-08-01_17-00-47-193033/checkpoints/model_step_phase3_candidate_epoch_96.pth",True
285,100,0.839,0.8144,0.791,1.1520343672196927,0.766808025963904,0.9456572224802602,0.923633815973844,-0.02202340650641621,"/net/storage/pr3/plgrid/plggdnnp/reports/phase3, phase 3 intervention, trained with phase1=40, phase2=200, mm_cifar10, mm_resnet, sgd, epochs=200_overlap=0.0_lr=0.6_wd=0.0_lambda=1.0/2026-08-01_17-00-47-193033/checkpoints/model_step_phase3_candidate_epoch_100.pth",True
285,104,0.8436,0.8144,0.7866,1.1499250773021512,0.8042456724518644,0.9456572224802602,0.9184960298925735,-0.027161192587686678,"/net/storage/pr3/plgrid/plggdnnp/reports/phase3, phase 3 intervention, trained with phase1=40, phase2=200, mm_cifar10, mm_resnet, sgd, epochs=200_overlap=0.0_lr=0.6_wd=0.0_lambda=1.0/2026-08-01_17-00-47-193033/checkpoints/model_step_phase3_candidate_epoch_104.pth",True
285,108,0.8458,0.8144,0.7972,1.1539015312132226,0.7727265686782977,0.9456572224802602,0.930873423633816,-0.014783798846444207,"/net/storage/pr3/plgrid/plggdnnp/reports/phase3, phase 3 intervention, trained with phase1=40, phase2=200, mm_cifar10, mm_resnet, sgd, epochs=200_overlap=0.0_lr=0.6_wd=0.0_lambda=1.0/2026-08-01_17-00-47-193033/checkpoints/model_step_phase3_candidate_epoch_108.pth",True
285,112,0.841,0.8144,0.7832,1.1649943448067486,0.8623592695893045,0.9456572224802602,0.9145259224661373,-0.031131300014122898,"/net/storage/pr3/plgrid/plggdnnp/reports/phase3, phase 3 intervention, trained with phase1=40, phase2=200, mm_cifar10, mm_resnet, sgd, epochs=200_overlap=0.0_lr=0.6_wd=0.0_lambda=1.0/2026-08-01_17-00-47-193033/checkpoints/model_step_phase3_candidate_epoch_112.pth",True
285,116,0.8402,0.8144,0.795,1.1828993258636766,0.8268786212705486,0.9456572224802602,0.9283045305931807,-0.01735269188707944,"/net/storage/pr3/plgrid/plggdnnp/reports/phase3, phase 3 intervention, trained with phase1=40, phase2=200, mm_cifar10, mm_resnet, sgd, epochs=200_overlap=0.0_lr=0.6_wd=0.0_lambda=1.0/2026-08-01_17-00-47-193033/checkpoints/model_step_phase3_candidate_epoch_116.pth",True
285,120,0.8434,0.8144,0.7926,1.165007002561471,0.8444515491293125,0.9456572224802602,0.9255021018215787,-0.020155120658681525,"/net/storage/pr3/plgrid/plggdnnp/reports/phase3, phase 3 intervention, trained with phase1=40, phase2=200, mm_cifar10, mm_resnet, sgd, epochs=200_overlap=0.0_lr=0.6_wd=0.0_lambda=1.0/2026-08-01_17-00-47-193033/checkpoints/model_step_phase3_candidate_epoch_120.pth",True
285,124,0.8336,0.8144,0.793,1.205442128372359,0.8549940815307037,0.9456572224802602,0.9259691732835124,-0.019688049196747825,"/net/storage/pr3/plgrid/plggdnnp/reports/phase3, phase 3 intervention, trained with phase1=40, phase2=200, mm_cifar10, mm_resnet, sgd, epochs=200_overlap=0.0_lr=0.6_wd=0.0_lambda=1.0/2026-08-01_17-00-47-193033/checkpoints/model_step_phase3_candidate_epoch_124.pth",True
285,128,0.849,0.8144,0.791,1.1232968165746153,0.8635304308693775,0.9456572224802602,0.923633815973844,-0.02202340650641621,"/net/storage/pr3/plgrid/plggdnnp/reports/phase3, phase 3 intervention, trained with phase1=40, phase2=200, mm_cifar10, mm_resnet, sgd, epochs=200_overlap=0.0_lr=0.6_wd=0.0_lambda=1.0/2026-08-01_17-00-47-193033/checkpoints/model_step_phase3_candidate_epoch_128.pth",True
285,132,0.841,0.8144,0.7948,1.1692115086736559,0.8845054970651964,0.9456572224802602,0.9280709948622138,-0.0175862276180464,"/net/storage/pr3/plgrid/plggdnnp/reports/phase3, phase 3 intervention, trained with phase1=40, phase2=200, mm_cifar10, mm_resnet, sgd, epochs=200_overlap=0.0_lr=0.6_wd=0.0_lambda=1.0/2026-08-01_17-00-47-193033/checkpoints/model_step_phase3_candidate_epoch_132.pth",True
285,136,0.843,0.8144,0.7922,1.1795201307020582,0.8767135846072582,0.9456572224802602,0.925035030359645,-0.020622192120615224,"/net/storage/pr3/plgrid/plggdnnp/reports/phase3, phase 3 intervention, trained with phase1=40, phase2=200, mm_cifar10, mm_resnet, sgd, epochs=200_overlap=0.0_lr=0.6_wd=0.0_lambda=1.0/2026-08-01_17-00-47-193033/checkpoints/model_step_phase3_candidate_epoch_136.pth",True
285,140,0.8502,0.8144,0.797,1.135132300827126,0.8819175116096956,0.9456572224802602,0.9306398879028491,-0.015017334577411057,"/net/storage/pr3/plgrid/plggdnnp/reports/phase3, phase 3 intervention, trained with phase1=40, phase2=200, mm_cifar10, mm_resnet, sgd, epochs=200_overlap=0.0_lr=0.6_wd=0.0_lambda=1.0/2026-08-01_17-00-47-193033/checkpoints/model_step_phase3_candidate_epoch_140.pth",True
285,144,0.8466,0.8144,0.7972,1.1815833199971555,0.9014919271988205,0.9456572224802602,0.930873423633816,-0.014783798846444207,"/net/storage/pr3/plgrid/plggdnnp/reports/phase3, phase 3 intervention, trained with phase1=40, phase2=200, mm_cifar10, mm_resnet, sgd, epochs=200_overlap=0.0_lr=0.6_wd=0.0_lambda=1.0/2026-08-01_17-00-47-193033/checkpoints/model_step_phase3_candidate_epoch_144.pth",True
285,148,0.844,0.8144,0.8008,1.1527466821747898,0.8575141880455248,0.9456572224802602,0.9350770667912189,-0.010580155689041248,"/net/storage/pr3/plgrid/plggdnnp/reports/phase3, phase 3 intervention, trained with phase1=40, phase2=200, mm_cifar10, mm_resnet, sgd, epochs=200_overlap=0.0_lr=0.6_wd=0.0_lambda=1.0/2026-08-01_17-00-47-193033/checkpoints/model_step_phase3_candidate_epoch_148.pth",True
285,152,0.8458,0.8144,0.7962,1.1584332118282261,0.8970475554485087,0.9456572224802602,0.9297057449789817,-0.015951477501278455,"/net/storage/pr3/plgrid/plggdnnp/reports/phase3, phase 3 intervention, trained with phase1=40, phase2=200, mm_cifar10, mm_resnet, sgd, epochs=200_overlap=0.0_lr=0.6_wd=0.0_lambda=1.0/2026-08-01_17-00-47-193033/checkpoints/model_step_phase3_candidate_epoch_152.pth",True
285,156,0.8428,0.8144,0.8056,1.187857353318578,0.8793375391594166,0.9456572224802602,0.9406819243344231,-0.0049752981458370815,"/net/storage/pr3/plgrid/plggdnnp/reports/phase3, phase 3 intervention, trained with phase1=40, phase2=200, mm_cifar10, mm_resnet, sgd, epochs=200_overlap=0.0_lr=0.6_wd=0.0_lambda=1.0/2026-08-01_17-00-47-193033/checkpoints/model_step_phase3_candidate_epoch_156.pth",True
285,160,0.8372,0.8144,0.8014,1.23006315876581,0.8944203270410821,0.9456572224802602,0.9357776739841195,-0.0098795484961407,"/net/storage/pr3/plgrid/plggdnnp/reports/phase3, phase 3 intervention, trained with phase1=40, phase2=200, mm_cifar10, mm_resnet, sgd, epochs=200_overlap=0.0_lr=0.6_wd=0.0_lambda=1.0/2026-08-01_17-00-47-193033/checkpoints/model_step_phase3_candidate_epoch_160.pth",True
285,164,0.8426,0.8144,0.7948,1.1614079747145758,0.908733098225086,0.9456572224802602,0.9280709948622138,-0.0175862276180464,"/net/storage/pr3/plgrid/plggdnnp/reports/phase3, phase 3 intervention, trained with phase1=40, phase2=200, mm_cifar10, mm_resnet, sgd, epochs=200_overlap=0.0_lr=0.6_wd=0.0_lambda=1.0/2026-08-01_17-00-47-193033/checkpoints/model_step_phase3_candidate_epoch_164.pth",True
285,168,0.8438,0.8144,0.796,1.205175863358323,0.9316724399189749,0.9456572224802602,0.929472209248015,-0.016185013232245193,"/net/storage/pr3/plgrid/plggdnnp/reports/phase3, phase 3 intervention, trained with phase1=40, phase2=200, mm_cifar10, mm_resnet, sgd, epochs=200_overlap=0.0_lr=0.6_wd=0.0_lambda=1.0/2026-08-01_17-00-47-193033/checkpoints/model_step_phase3_candidate_epoch_168.pth",True
285,172,0.8464,0.8144,0.7972,1.1613958635279635,0.9261834337610603,0.9456572224802602,0.930873423633816,-0.014783798846444207,"/net/storage/pr3/plgrid/plggdnnp/reports/phase3, phase 3 intervention, trained with phase1=40, phase2=200, mm_cifar10, mm_resnet, sgd, epochs=200_overlap=0.0_lr=0.6_wd=0.0_lambda=1.0/2026-08-01_17-00-47-193033/checkpoints/model_step_phase3_candidate_epoch_172.pth",True
285,176,0.844,0.8144,0.7908,1.208030548078376,0.9751450606042495,0.9456572224802602,0.923400280242877,-0.02225694223738317,"/net/storage/pr3/plgrid/plggdnnp/reports/phase3, phase 3 intervention, trained with phase1=40, phase2=200, mm_cifar10, mm_resnet, sgd, epochs=200_overlap=0.0_lr=0.6_wd=0.0_lambda=1.0/2026-08-01_17-00-47-193033/checkpoints/model_step_phase3_candidate_epoch_176.pth",True
285,180,0.8452,0.8144,0.7962,1.209876625088468,0.9220531589961022,0.9456572224802602,0.9297057449789817,-0.015951477501278455,"/net/storage/pr3/plgrid/plggdnnp/reports/phase3, phase 3 intervention, trained with phase1=40, phase2=200, mm_cifar10, mm_resnet, sgd, epochs=200_overlap=0.0_lr=0.6_wd=0.0_lambda=1.0/2026-08-01_17-00-47-193033/checkpoints/model_step_phase3_candidate_epoch_180.pth",True
285,184,0.8482,0.8144,0.7934,1.1730810048025393,0.9447810581511342,0.9456572224802602,0.926436244745446,-0.019220977734814237,"/net/storage/pr3/plgrid/plggdnnp/reports/phase3, phase 3 intervention, trained with phase1=40, phase2=200, mm_cifar10, mm_resnet, sgd, epochs=200_overlap=0.0_lr=0.6_wd=0.0_lambda=1.0/2026-08-01_17-00-47-193033/checkpoints/model_step_phase3_candidate_epoch_184.pth",True
285,188,0.8452,0.8144,0.8022,1.1661762541212615,0.9366435997806606,0.9456572224802602,0.9367118169079869,-0.008945405572273302,"/net/storage/pr3/plgrid/plggdnnp/reports/phase3, phase 3 intervention, trained with phase1=40, phase2=200, mm_cifar10, mm_resnet, sgd, epochs=200_overlap=0.0_lr=0.6_wd=0.0_lambda=1.0/2026-08-01_17-00-47-193033/checkpoints/model_step_phase3_candidate_epoch_188.pth",True
285,192,0.8478,0.8144,0.8012,1.1581175729092865,0.9332885885192067,0.9456572224802602,0.9355441382531527,-0.010113084227107438,"/net/storage/pr3/plgrid/plggdnnp/reports/phase3, phase 3 intervention, trained with phase1=40, phase2=200, mm_cifar10, mm_resnet, sgd, epochs=200_overlap=0.0_lr=0.6_wd=0.0_lambda=1.0/2026-08-01_17-00-47-193033/checkpoints/model_step_phase3_candidate_epoch_192.pth",True
285,196,0.8434,0.8144,0.7948,1.2131966116799884,1.029969740487484,0.9456572224802602,0.9280709948622138,-0.0175862276180464,"/net/storage/pr3/plgrid/plggdnnp/reports/phase3, phase 3 intervention, trained with phase1=40, phase2=200, mm_cifar10, mm_resnet, sgd, epochs=200_overlap=0.0_lr=0.6_wd=0.0_lambda=1.0/2026-08-01_17-00-47-193033/checkpoints/model_step_phase3_candidate_epoch_196.pth",True
285,200,0.8488,0.8144,0.7964,1.1466936003660155,0.9668002708426122,0.9456572224802602,0.9299392807099486,-0.015717941770311605,"/net/storage/pr3/plgrid/plggdnnp/reports/phase3, phase 3 intervention, trained with phase1=40, phase2=200, mm_cifar10, mm_resnet, sgd, epochs=200_overlap=0.0_lr=0.6_wd=0.0_lambda=1.0/2026-08-01_17-00-47-193033/checkpoints/model_step_phase3_candidate_epoch_200.pth",True
