job_id,seed,e3,selected_p4_epoch,validation_full_accuracy,validation_dominant_accuracy,validation_weak_accuracy,slurm_log,tfim_trace_artifact,trace_left_e5,trace_right_e5,ratio_e5,trace_left_e8,trace_right_e8,ratio_e8,trace_left_e11,trace_right_e11,ratio_e11,trace_left_e14,trace_right_e14,ratio_e14,trace_left_e17,trace_right_e17,ratio_e17,prefix4_endpoint_log_ratio,full5_endpoint_log_ratio,prefix4_ema_log_ratio_alpha_0_5,full5_ema_log_ratio_alpha_0_5,prefix4_slope_log_ratio,full5_slope_log_ratio,prefix4_weighted_slope_log_ratio,full5_weighted_slope_log_ratio,prefix4_forecast_log_ratio_e18,full5_forecast_log_ratio_e18,prefix4_mean_log_ratio,full5_mean_log_ratio,slope_sign_agrees,gold_full_accuracy,gold_dominant_accuracy,gold_weak_accuracy,full_accuracy_gap_abs,dominant_accuracy_gap_abs,weak_accuracy_gap_abs,branch_accuracy_gap_mean_abs
20384455,83,70,175,0.8992,0.8216,0.5752,p4ref-s83-e70-20384455.out,trace_fim_train.jsonl,92.5129615722656,30.247624349975585,3.058519906795136,103.05712746582026,32.832301078796384,3.1388944333905,127.72446583251956,35.80851636047362,3.5668739838744243,97.99758400878909,25.69175261077881,3.8143596133246174,114.41447568359374,29.188892315673826,3.9197950363768883,1.3387727904430737,1.3660393657968284,1.2700340089545155,1.318036687375672,0.026344799234658746,0.023037288622509776,0.027312931101921786,0.0213927195831349,1.4494668895541143,1.400056201802611,1.2180660307191222,1.2476606977346634,True,0.9088,0.6476,0.7614,0.009600000000000053,0.17400000000000004,0.18619999999999992,0.18009999999999998
20386248,83,78,190,0.9006,0.7036,0.7764,p4ref-s83-e78-20386248.out,trace_fim_train.jsonl,67.54518392333983,40.31965678100586,1.6752420312133014,84.58456756591795,56.15000081787106,1.5064036714923716,67.27397738647464,48.83434978332521,1.377595432738281,69.57887297363284,55.11943399658204,1.2623292326888926,85.28312515869132,62.156383630371124,1.372073470398236,0.23295861178223112,0.316323077722893,0.31227453905682445,0.3142988083898587,-0.03127942380731047,-0.01920118901876039,-0.030686330473024825,-0.011985795020286542,0.10838413962975568,0.2644607114057753,0.36974523444947033,0.35906080310415484,True,0.9088,0.6476,0.7614,0.008200000000000096,0.05600000000000005,0.015000000000000013,0.03550000000000003
20381629,83,80,195,0.905,0.6408,0.7722,p4tfim-s83-e80-20381629.out,trace_fim_train.jsonl,75.62560242919919,44.534350006103516,1.6981409230492954,81.61985951538088,52.45937935485841,1.555867803501719,70.21070198974611,53.37648608398435,1.315386361748654,75.05600061035156,63.47277055969238,1.1824913235637302,73.34258607177736,57.78571535644528,1.2692165437092664,0.16762350399020803,0.23839981539554964,0.273790303037202,0.2560950592163758,-0.04178782504281501,-0.02855594947229786,-0.0420679770679678,-0.020922258841013928,-0.004097379605794926,0.1723869364152949,0.353330369658905,0.3303442588062339,True,0.9088,0.6476,0.7614,0.0038000000000000256,0.006799999999999917,0.010800000000000032,0.008799999999999975
20386249,83,82,190,0.8968,0.5526,0.7898,p4ref-s83-e82-20386249.out,trace_fim_train.jsonl,78.48146645507813,55.486883102416975,1.4144147571166805,65.17049284057617,58.71569972534181,1.1099329994041465,65.78061079711911,63.53249643859859,1.035385265196775,67.5474338439941,80.84016668395999,0.8355677198002263,65.61164644775391,79.58415272216794,0.8244310469513629,-0.17964388120889416,-0.19306177061750385,-0.024751604647842776,-0.1089066876326733,-0.05495350802861321,-0.045449958923548195,-0.0548136650637937,-0.039895881595676926,-0.3892733131013646,-0.26476797430585325,0.0765363030211201,0.022616688293395314,True,0.9088,0.6476,0.7614,0.01200000000000001,0.09499999999999997,0.02839999999999998,0.06169999999999998
20384457,83,90,165,0.8852,0.3698,0.7966,p4ref-s83-e90-20384457.out,trace_fim_train.jsonl,75.95167126464843,73.89466459960937,1.0278370103397452,66.99547720336913,90.33742947998047,0.7416137198126569,53.275592321777324,90.4251249694825,0.5891680245896587,56.37181428833009,107.89129700317383,0.5224871309535419,51.36580239868163,110.80436557617183,0.4635720088854117,-0.6491549252004751,-0.7687935470671061,-0.490772198916519,-0.6297828729918126,-0.07533172295590358,-0.06475761543795318,-0.06840079136612716,-0.05648653331551892,-0.9501233672659344,-0.8506857572310039,-0.3624172376670851,-0.4436924995470893,True,0.9088,0.6476,0.7614,0.023600000000000065,0.27779999999999994,0.03520000000000001,0.15649999999999997
20380598,83,100,190,0.881,0.2942,0.8046,p4tfim-s83-e100-20380598.out,trace_fim_train.jsonl,59.001380773925796,86.77615961303711,0.6799261566307897,46.36562012939454,95.90775687866213,0.4834397298064596,42.440763171386706,101.6062077453613,0.41769852515266953,42.24354462585446,119.97821658935551,0.352093453167977,33.50294364318847,107.01526367797851,0.313066963108013,-1.0438586466663122,-1.1613381716815914,-0.8792531211393999,-1.0202956464104957,-0.07068098042794765,-0.06227214014684651,-0.0655409304784719,-0.055825747674515314,-1.318964245382806,-1.2378803411250348,-0.7573634226885009,-0.838158372487119,True,0.9088,0.6476,0.7614,0.027800000000000047,0.35339999999999994,0.043200000000000016,0.19829999999999998
20381627,184,44,20,0.8796,0.7548,0.511,p4tfim-s184-e44-20381627.out,trace_fim_train.jsonl,73.44556678466802,28.81937137145997,2.5484791300340195,89.3793706665039,30.644099432373036,2.9166910424649353,100.56261402587896,29.057230487060533,3.460846471865081,104.20022493896485,30.226006649780285,3.447369867126122,105.9564680908203,28.07085065460204,3.77460836312351,1.2376115829463774,1.3282966324511727,1.1799274088635894,1.254112020657381,0.035913596633732385,0.031758718515728396,0.03074224197779091,0.027747490390112397,1.3874245604662456,1.3624300589822134,1.1212678294682394,1.162673590064826,True,0.8934,0.5296,0.7716,0.013799999999999923,0.22520000000000007,0.26059999999999994,0.2429
20384859,184,47,185,0.8842,0.7652,0.439,p4ref-s184-e47-20384859.out,trace_fim_train.jsonl,82.68420898437502,38.698122961425796,2.136646493476863,77.37654057617188,34.17892048187256,2.2638672964330744,77.51810747070316,29.42784599761964,2.634175371277778,87.7261410888672,28.424574281311035,3.0862780864455557,94.50895089111326,30.023336158752453,3.147849726497131,1.126965862144731,1.1467195932331349,1.0026644869019234,1.074692040067529,0.04182268670098286,0.03616184743529484,0.04496737224253244,0.0338149599771696,1.2973948560484283,1.2043156884593635,0.9179620319610834,0.9637135442154937,True,0.8934,0.5296,0.7716,0.009199999999999986,0.23560000000000003,0.33259999999999995,0.2841
20381655,184,50,185,0.882,0.7638,0.5394,p4tfim-s184-e50-20381655.out,trace_fim_train.jsonl,69.99037481079101,42.185226007080075,1.6591205319431437,70.31397344360349,39.114996125793446,1.7976218891389175,67.89046333007808,33.6368744720459,2.018334466417044,83.88291681518557,36.83924434509277,2.2769988373803303,91.5979225219726,40.15429948272706,2.281148555198694,0.8228582764887319,0.8246790684058942,0.723591335755492,0.7741352020806931,0.03551732915645299,0.029105882357865723,0.036791042147533946,0.025756420712156468,0.9660615233749819,0.8739654500388723,0.6544708017113059,0.6885124550502235,True,0.8934,0.5296,0.7716,0.011399999999999966,0.23420000000000007,0.23219999999999996,0.23320000000000002
20384456,184,55,180,0.882,0.6324,0.6866,p4ref-s184-e55-20384456.out,trace_fim_train.jsonl,69.03069382934571,62.18343489990232,1.1101138720967993,50.66137155761715,53.46446860351562,0.9475708403716671,59.5103728149414,60.83546741027829,0.9782183852880905,54.757386059570315,60.88777932739257,0.8993165222520907,61.57306256103514,62.94593900451662,0.9781895928188115,-0.10612022388295464,-0.022051770047346937,-0.052239568664911286,-0.03714566935612911,-0.019997240701252035,-0.010176512659841848,-0.01828276438903925,-0.0039573338536921755,-0.1761178078131516,-0.05655630686986762,-0.019383385409109468,-0.019917062336756962,True,0.8934,0.5296,0.7716,0.011399999999999966,0.1028,0.08499999999999996,0.09389999999999998
20381679,285,50,100,0.883,0.8408,0.248,p4tfim-s285-e50-20381679.out,trace_fim_train.jsonl,112.11617436523434,15.067475932693492,7.440939277356665,137.55011530761712,13.288046217346182,10.351417493873134,129.5558346313477,11.649340852355959,11.121301621059864,120.91752269287106,10.088344034194948,11.985864167021733,146.24259056396488,11.718831019592278,12.47928132352289,2.483727969335514,2.524069775026951,2.3870946374863182,2.4555822062566346,0.0500643837489916,0.0393583292486582,0.042185278267144036,0.030743025967609926,2.6747101861572915,2.579211984150136,2.309177714414515,2.3521561265370026,True,0.8914,0.5172,0.713,0.008399999999999963,0.3236,0.46499999999999997,0.3943
20381628,285,60,145,0.8892,0.843,0.3272,p4tfim-s285-e60-20381628.out,trace_fim_train.jsonl,105.94304063720706,21.44391224136351,4.940471629234786,87.35748221435543,12.877078196716308,6.783952079123177,109.16634113769535,13.93951350402832,7.8314311451808205,122.38789860839843,13.81929678192139,8.856304302890026,115.79333205566412,12.115474681091312,9.557473723835498,2.1811295560276136,2.2573234373129276,2.044103674730119,2.1507135560215236,0.06315305698155949,0.05287649999006138,0.05704618155384123,0.045042565840460874,2.4281456223102897,2.3279622241292044,1.9378238648237025,2.0017237793215474,True,0.8914,0.5172,0.713,0.0021999999999999797,0.3258,0.3858,0.3558
20384454,285,65,100,0.8884,0.834,0.3756,p4ref-s285-e65-20384454.out,trace_fim_train.jsonl,78.97639589843745,20.836900054168716,3.7902180862458903,117.85420467529299,23.25233669586183,5.068488626007912,99.59750122070315,16.08902696075439,6.190399253211276,128.4635443847656,18.65641359558106,6.885757699665657,133.59165600585945,16.895007159423827,7.907167709528659,1.9294551769120625,2.0677696531242145,1.7899107635087668,1.9288402083164906,0.06636839211096751,0.05923682304699089,0.060203959074767714,0.05320535179008627,2.1943097550358575,2.135898666489202,1.6769802482516076,1.755138129226129,True,0.8914,0.5172,0.713,0.0030000000000000027,0.31679999999999997,0.3374,0.32709999999999995
20386250,285,68,105,0.894,0.8328,0.504,p4ref-s285-e68-20386250.out,trace_fim_train.jsonl,75.28827790527345,38.56977702941895,1.9520018903700387,79.00743666992189,32.4102615447998,2.437729059054712,84.86636174316409,31.734293785095215,2.6742791882838346,90.83041769409178,28.927379530334484,3.139946265251312,103.9977278076172,31.903622617340098,3.259746664709505,1.1442056867964443,1.181649482147213,1.01301310743113,1.0973312947891714,0.050622122680956116,0.0426242281945084,0.049054630826751176,0.03750324789022869,1.3401936381424677,1.2437846207343353,0.9219519793367579,0.9738914798988489,True,0.8914,0.5172,0.713,0.0026000000000000467,0.3156,0.20899999999999996,0.2623
20381678,285,70,170,0.8908,0.8326,0.3998,p4tfim-s285-e70-20381678.out,trace_fim_train.jsonl,79.66329112548833,32.77444955444336,2.430652289168095,93.61776430664065,30.194210188293468,3.1005203763642792,88.0297560302734,22.13863550720213,3.9762954463758278,118.42403968505867,26.56261511917114,4.458297446327773,116.82240748291014,23.876864522552495,4.892703009195861,1.4947669546597557,1.587744913386541,1.3449373274272491,1.466341120406895,0.0689534179147344,0.05874558381702874,0.0642905040255517,0.051368644833077175,1.7745149711636217,1.6666678194694406,1.2237117904916175,1.2965184150706022,True,0.8914,0.5172,0.713,0.0005999999999999339,0.3154,0.3132,0.3143
20386251,285,72,200,0.8932,0.5868,0.7824,p4ref-s285-e72-20386251.out,trace_fim_train.jsonl,62.15174406127929,45.62845452880858,1.3621268688743373,61.694126776123035,47.11648538055418,1.3093957692670593,62.70898491210936,59.478672949218705,1.054310422156947,59.22880877075199,61.47123849487304,0.9635206660238561,61.443039489746084,69.21447737731937,0.8877194730369475,-0.03716134244870461,-0.11909949464182142,0.0669677022982071,-0.026065896171807157,-0.041843498180450765,-0.03876736074633168,-0.042772842298778854,-0.03723482058226607,-0.21436435209115923,-0.1681434593194554,0.14858468019977314,0.09504784523145424,True,0.8914,0.5172,0.713,0.0018000000000000238,0.0696,0.06940000000000002,0.0695
20384458,285,75,160,0.8808,0.4838,0.7896,p4ref-s285-e75-20384458.out,trace_fim_train.jsonl,65.24686081542968,51.24110997924805,1.2733303531102462,54.391867803955066,67.66700637512204,0.8038166696277843,47.418692120361335,72.30751066894526,0.6557920692262234,40.08324689941404,68.94669370117184,0.581365757781487,41.44137448425292,77.16735484008788,0.5370324602432163,-0.5423751887364807,-0.6216967389198507,-0.3737590044993367,-0.49772787170959365,-0.08518534652849515,-0.0683552064945811,-0.07426719327625496,-0.055240300827547606,-0.8763099073134634,-0.7175095268403768,-0.23525874046484757,-0.3125463401558482,True,0.8914,0.5172,0.713,0.010599999999999943,0.033399999999999985,0.0766,0.05499999999999999
